Customer_ID,Age,Gender,BMI,Smoker,Conditions,Premium
1,58,male,44.2,N,0.0,25839.7
2,26,FEMALE,35.9,NO,3.0,20408.07
3,19,Male,31.0,Yes,0.0,22123.68
4,48,male,30.3,No,0.0,19283.34
5,35,Male,32.7,Yes,1.0,36248.54
6,39,Female,26.1,no,0.0,14994.98
7,21,M,31.7,Yes,,27585.93
8,35,Male,24.5,NO,0.0,12210.38
9,250,Female,33.0,NO,0.0,17022.94
10,34,female,25.9,no,2.0,18056.13
11,57,Male,35.4,,1.0,23733.41
12,55,male,29.3,No,,19675.05
13,51,male,31.6,no,0.0,
14,60,Female,47.8,yes,0.0,64507.08
15,51,MALE,34.8,yes,2.0,46070.13
16,26,male,31.6,,2.0,18176.1
17,58,male,30.3,N,1.0,22509.21
18,48,Male,23.8,No,1.0,18866.69
19,22,female,36.5,no,0.0,11750.24
20,32,Female,39.6,NO,0.0,16281.54
21,25,female,,Yes,1.0,28355.12
22,63,FEMALE,40.1,N,0.0,28685.8
23,52,Male,29.3,no,0.0,14645.21
24,61,M,19.4,No,1.0,25421.98
25,31,MALE,26.1,Y,0.0,23224.51
26,47,MALE,23.7,N,2.0,19427.76
27,46,Male,28.4,yes,0.0,30202.77
28,53,F,33.8,yes,1.0,43235.36
29,23,MALE,24.4,No,0.0,8265.13
30,42,male,29.5,no,1.0,18260.17
31,48,MALE,31.2,No,0.0,20224.95
32,56,M,25.6,NO,0.0,22815.26
33,48,FEMALE,24.5,yes,1.0,32524.59
34,39,FEMALE,30.5,No,3.0,24501.5
35,39,Female,35.2,no,1.0,18951.14
36,33,MALE,26.4,no,0.0,15086.43
37,25,female,25.5,N,0.0,8795.78
38,31,male,29.2,N,0.0,13119.78
39,24,Female,31.7,Y,0.0,
40,28,MALE,26.7,no,0.0,4482.12
41,58,Male,95.0,NO,2.0,29124.63
42,42,M,28.6,N,0.0,16972.02
43,22,MALE,23.5,yes,0.0,24077.13
44,38,Male,28.9,yes,0.0,25692.3
45,30,Male,26.6,No,0.0,7217.67
46,49,F,39.5,No,0.0,20093.3
47,57,FEMALE,26.9,Yes,0.0,32159.8
48,18,female,32.7,NO,0.0,11539.49
49,39,M,32.3,yes,1.0,35551.31
50,39,Female,23.3,Y,3.0,37691.92
51,64,female,22.5,YES,0.0,33759.81
52,35,male,27.3,Y,0.0,27012.26
53,25,female,34.0,no,1.0,17615.32
54,27,F,26.6,No,0.0,8539.34
55,40,Male,26.1,NO,0.0,14021.23
56,45,Male,16.0,No,0.0,12857.05
57,33,male,27.6,Yes,3.0,32864.49
58,38,female,31.9,no,1.0,20960.12
59,49,F,32.7,no,0.0,20411.11
60,32,male,32.6,yes,0.0,
61,63,MALE,,Y,2.0,42337.19
62,27,Female,28.6,No,0.0,11574.68
63,61,Male,35.0,Y,0.0,46475.2
64,59,F,29.2,Yes,1.0,34266.77
65,62,male,16.2,N,1.0,20975.38
66,55,Female,36.1,NO,0.0,21726.07
67,42,M,23.5,N,1.0,13905.97
68,46,F,38.3,no,0.0,17929.36
69,27,female,40.2,NO,3.0,20874.65
70,34,MALE,34.6,N,0.0,16341.14
71,39,FEMALE,35.4,no,0.0,15464.85
72,62,FEMALE,41.1,NO,1.0,28004.95
73,55,male,,N,2.0,23422.03
74,44,Female,31.5,No,1.0,18749.86
75,45,female,31.4,NO,1.0,19365.97
76,38,Male,24.2,NO,0.0,12562.83
77,37,male,42.1,No,0.0,19426.75
78,60,female,26.5,No,1.0,24270.53
79,18,MALE,25.6,Y,0.0,18906.81
80,33,male,31.6,no,2.0,19268.95
81,37,F,36.2,no,2.0,19258.87
82,50,male,26.4,yes,1.0,35861.44
83,37,Female,26.4,no,0.0,8566.13
84,32,F,33.0,No,2.0,19707.59
85,21,male,21.4,no,1.0,9742.37
86,30,male,25.4,N,1.0,11891.93
87,22,FEMALE,25.0,N,0.0,9654.33
88,50,Female,27.4,yes,1.0,34249.04
89,38,Female,29.1,No,1.0,14547.98
90,28,Female,41.1,NO,0.0,16786.47
91,43,Male,35.4,NO,0.0,18139.5
92,41,Male,30.1,no,0.0,13364.85
93,40,Male,28.7,NO,1.0,13828.68
94,45,FEMALE,35.2,NO,0.0,19673.1
95,47,F,,yes,1.0,39695.79
96,26,Male,35.3,N,1.0,16976.35
97,25,FEMALE,38.3,N,1.0,15589.45
98,52,Male,24.0,,0.0,18523.01
99,63,Female,16.5,No,3.0,34613.76
100,43,M,29.9,no,0.0,15762.23
101,39,FEMALE,30.5,NO,1.0,18551.17
102,47,Female,31.7,NO,0.0,15361.84
103,19,Female,26.4,no,1.0,8886.51
104,35,F,28.6,Yes,,30642.49
105,34,MALE,33.4,no,0.0,19325.69
106,37,Male,33.7,YES,2.0,39896.32
107,52,F,38.0,N,0.0,19390.71
108,41,F,17.0,N,0.0,11009.72
109,58,Male,20.1,no,1.0,18903.36
110,40,female,38.8,N,0.0,18105.83
111,19,Female,33.6,No,,10638.5
112,49,Female,34.8,NO,2.0,22861.39
113,55,Female,28.3,yes,0.0,33952.68
114,45,M,27.2,No,2.0,20104.33
115,62,M,31.2,yes,0.0,34902.18
116,37,Male,,Yes,0.0,23386.4
117,55,FEMALE,20.8,no,0.0,18954.65
118,18,FEMALE,23.3,Y,0.0,18715.02
119,19,Male,30.7,Yes,1.0,26962.13
120,55,FEMALE,33.8,NO,0.0,22143.51
121,59,MALE,39.9,no,3.0,32894.93
122,42,Male,32.2,N,1.0,19407.26
123,53,male,32.8,NO,0.0,19716.27
124,33,female,40.1,no,1.0,17363.76
125,52,M,25.3,no,0.0,14376.55
126,41,M,24.2,No,1.0,14760.7
127,32,F,26.8,NO,2.0,10647.88
128,22,male,29.4,NO,1.0,11598.58
129,26,female,42.1,no,0.0,15356.39
130,60,M,27.9,NO,0.0,18836.97
131,38,Male,37.8,Yes,1.0,45291.46
132,64,Male,27.2,No,0.0,
133,34,male,32.9,Y,2.0,38699.5
134,20,male,34.1,no,1.0,17349.92
135,30,MALE,33.2,no,1.0,16375.66
136,34,female,,NO,1.0,19438.37
137,50,MALE,25.9,NO,2.0,19966.63
138,52,F,38.7,No,0.0,21766.35
139,52,FEMALE,35.9,YES,1.0,
140,32,M,25.8,no,0.0,10458.13
141,35,MALE,33.0,no,2.0,
142,44,M,23.6,Yes,2.0,30432.97
143,46,FEMALE,30.6,NO,0.0,
144,37,MALE,23.0,NO,0.0,11848.39
145,26,M,34.3,yes,2.0,38148.11
146,54,FEMALE,47.8,no,1.0,26363.23
147,42,Female,38.8,no,0.0,18708.35
148,63,Female,34.4,NO,0.0,23555.72
149,62,F,24.6,No,1.0,25348.06
150,59,M,32.3,yes,1.0,40693.64
151,63,Male,37.1,YES,0.0,47608.66
152,47,male,29.5,no,0.0,16894.77
153,32,F,30.8,YES,2.0,36249.94
154,25,female,19.8,Yes,2.0,33534.18
155,22,MALE,24.9,N,1.0,12128.33
156,62,FEMALE,18.9,no,1.0,18150.94
157,30,Male,41.5,,1.0,50563.68
158,19,F,32.8,N,2.0,13405.61
159,19,male,34.3,no,0.0,8755.3
160,31,female,28.8,Y,0.0,29870.18
161,64,F,21.2,NO,0.0,18277.27
162,31,Male,31.1,NO,1.0,14013.38
163,22,male,26.2,yes,0.0,25591.21
164,49,M,24.2,N,2.0,20922.7
165,20,female,30.3,N,0.0,7143.15
166,40,FEMALE,30.7,No,1.0,17916.03
167,22,Female,28.9,N,0.0,6560.95
168,22,F,25.4,N,0.0,6410.89
169,34,F,24.1,No,0.0,11677.91
170,18,M,30.0,N,,3415.54
171,57,F,37.3,No,0.0,23495.83
172,46,Male,20.4,YES,,28952.75
173,61,male,26.1,No,3.0,28961.42
174,41,male,29.0,N,0.0,13762.13
175,44,female,29.0,yes,0.0,30329.37
176,46,female,26.4,No,0.0,12768.85
177,39,female,41.6,N,0.0,16868.35
178,44,MALE,32.4,No,1.0,19727.35
179,44,Male,24.1,Y,0.0,27950.32
180,59,Male,18.7,Y,0.0,31771.42
181,32,female,29.0,No,0.0,15260.01
182,61,Female,38.9,no,1.0,25794.9
183,26,MALE,31.2,No,2.0,18158.04
184,26,FEMALE,16.1,N,0.0,9971.54
185,29,F,21.7,,0.0,10343.85
186,62,Female,,no,0.0,21648.88
187,29,MALE,36.4,Y,0.0,34123.5
188,55,M,30.8,no,0.0,17744.07
189,45,F,30.9,N,1.0,21622.99
190,48,male,36.4,N,0.0,18625.54
191,21,M,37.5,no,1.0,17001.87
192,49,MALE,25.9,no,0.0,16577.08
193,21,Male,32.6,no,0.0,4118.65
194,43,Male,24.3,No,1.0,13559.48
195,54,male,23.5,NO,0.0,15036.1
196,61,M,33.5,no,2.0,25651.97
197,64,female,21.5,NO,1.0,20911.49
198,28,MALE,31.0,No,1.0,13868.32
199,54,male,31.9,no,0.0,17328.36
200,46,M,,Y,0.0,38627.9
201,52,F,23.1,Y,1.0,28481.57
202,56,female,32.3,Y,0.0,41499.67
203,40,M,,NO,2.0,23102.68
204,24,MALE,38.9,Yes,2.0,48846.08
205,55,MALE,25.5,YES,0.0,30754.69
206,46,MALE,23.3,,1.0,15204.72
207,24,M,33.0,No,1.0,19884.01
208,36,F,24.9,N,0.0,9733.2
209,24,M,22.2,NO,0.0,11830.43
210,54,female,35.5,Yes,0.0,43403.17
211,33,FEMALE,32.6,No,0.0,11906.0
212,21,FEMALE,16.0,Yes,1.0,22905.91
213,31,male,24.5,NO,1.0,12376.03
214,46,MALE,23.4,No,0.0,13026.2
215,45,M,33.9,no,2.0,20010.49
216,58,F,38.8,N,0.0,23696.2
217,34,male,42.3,No,0.0,15832.39
218,47,female,34.2,no,0.0,19832.0
219,62,MALE,23.4,no,0.0,18165.07
220,33,FEMALE,23.2,No,2.0,16930.55
221,19,male,24.3,Y,1.0,24431.89
222,48,Female,32.9,No,0.0,17065.84
223,46,Female,37.6,YES,2.0,49969.91
224,33,female,18.5,No,,16996.82
225,44,M,33.7,NO,1.0,25063.69
226,49,MALE,35.6,NO,1.0,19174.49
227,56,Male,31.9,N,3.0,26469.52
228,24,F,49.4,No,0.0,17091.21
229,40,M,33.2,YES,1.0,34774.81
230,31,Female,30.2,NO,1.0,12326.17
231,33,FEMALE,33.7,N,,10888.47
232,19,M,26.7,N,0.0,7856.7
233,37,Female,23.4,N,0.0,10835.0
234,21,FEMALE,32.5,NO,2.0,16668.9
235,61,Male,36.9,NO,2.0,25225.25
236,44,MALE,,No,0.0,13228.56
237,37,Female,35.6,No,1.0,20832.72
238,28,female,27.7,Yes,1.0,29135.67
239,62,male,39.8,N,0.0,20688.13
240,42,Female,31.3,no,0.0,17502.93
241,64,male,33.2,Yes,0.0,39717.19
242,48,male,34.6,no,1.0,18855.9
243,64,Male,21.9,No,0.0,20601.77
244,59,Female,28.9,Yes,1.0,37957.86
245,52,Female,41.0,no,1.0,19273.78
246,34,Female,30.2,No,3.0,23464.81
247,54,female,38.4,No,1.0,23174.04
248,32,female,35.3,N,0.0,13413.42
249,58,MALE,19.0,YES,0.0,30584.44
250,32,MALE,34.2,NO,1.0,19287.27
251,21,F,23.5,NO,0.0,10533.83
252,23,F,31.6,NO,0.0,11519.84
253,39,M,27.5,N,0.0,15086.36
254,49,Male,30.1,no,0.0,21630.56
255,31,F,29.6,N,0.0,12028.26
256,56,MALE,31.5,No,0.0,17061.6
257,30,F,27.3,no,0.0,12083.8
258,40,male,21.9,NO,2.0,19804.56
259,33,FEMALE,23.9,NO,0.0,10493.43
260,44,Male,35.5,no,2.0,22870.54
261,26,M,40.3,NO,0.0,19553.25
262,63,F,31.4,no,1.0,23312.24
263,61,female,35.1,N,0.0,20004.04
264,50,Male,35.9,N,1.0,16315.76
265,42,Male,21.8,NO,2.0,
266,53,Male,18.8,N,0.0,18851.27
267,40,female,,no,1.0,14692.84
268,59,FEMALE,18.6,N,0.0,18899.29
269,21,M,28.4,no,1.0,11090.94
270,28,female,21.1,N,0.0,9711.77
271,39,F,26.3,N,0.0,11631.78
272,48,F,25.5,NO,0.0,14939.35
273,51,F,33.1,N,0.0,20535.72
274,51,female,26.1,no,1.0,17658.86
275,62,M,23.1,yes,0.0,30932.93
276,57,FEMALE,30.3,N,0.0,16922.82
277,61,male,47.8,NO,1.0,32101.72
278,34,Female,33.0,NO,0.0,12355.84
279,50,FEMALE,18.3,NO,3.0,25074.82
280,50,FEMALE,30.5,No,1.0,17466.28
281,46,MALE,45.4,No,1.0,20141.59
282,46,M,31.0,N,0.0,15317.33
283,42,M,37.7,NO,0.0,18571.12
284,37,MALE,,N,0.0,18756.46
285,24,M,37.1,No,1.0,17696.45
286,22,Female,36.3,yes,0.0,36481.81
287,18,male,31.7,NO,0.0,4068.3
288,34,male,28.9,no,1.0,16491.34
289,35,Male,28.3,Y,0.0,23423.55
290,63,Female,30.7,no,0.0,19329.05
291,29,Female,32.6,N,0.0,16665.86
292,28,MALE,22.3,NO,,11796.55
293,20,MALE,28.3,N,0.0,6406.38
294,23,male,29.8,yes,0.0,23366.49
295,48,male,30.6,NO,3.0,27059.95
296,35,Male,28.1,No,1.0,15082.5
297,47,male,34.8,no,0.0,17799.48
298,22,F,,Y,1.0,24060.12
299,53,F,27.7,No,0.0,18317.08
300,30,FEMALE,,YES,1.0,28403.99
190,48,male,36.4,N,0.0,18625.54
124,33,female,40.1,no,1.0,17363.76
186,62,Female,,no,0.0,21648.88
214,46,MALE,23.4,No,0.0,13026.2
107,52,F,38.0,N,0.0,19390.71
